"(cid:56)(cid:44)(cid:39)","(cid:51)(cid:85)(cid:82)(cid:71)(cid:88)(cid:70)(cid:87)(cid:3)(cid:6)","(cid:51)(cid:85)(cid:82)(cid:71)(cid:88)(cid:70)(cid:87)(cid:3)(cid:39)(cid:72)(cid:86)(cid:70)(cid:85)(cid:76)(cid:83)(cid:87)(cid:76)(cid:82)(cid:81)","(cid:52)(cid:87)(cid:92)","(cid:56)(cid:81)(cid:76)(cid:87)(cid:3)(cid:51)(cid:85)(cid:76)(cid:70)(cid:72)","(cid:55)(cid:82)(cid:87)(cid:68)(cid:79)(cid:3)(cid:51)(cid:85)(cid:76)(cid:70)(cid:72)"
"(cid:20)","(cid:20)(cid:19)(cid:19)(cid:16)(cid:20)","(cid:23)(cid:19)(cid:19)(cid:3)(cid:54)(cid:72)(cid:85)(cid:76)(cid:72)(cid:86)(cid:3)(cid:36)(cid:90)(cid:81)(cid:76)(cid:81)(cid:74)(cid:3)","(cid:20)","(cid:7)(cid:21)(cid:15)(cid:21)(cid:28)(cid:28)(cid:17)(cid:22)(cid:19)","(cid:7)(cid:21)(cid:15)(cid:21)(cid:28)(cid:28)(cid:17)(cid:22)(cid:19)"
"","","(cid:50)(cid:89)(cid:72)(cid:85)(cid:68)(cid:79)(cid:79)(cid:3)(cid:45)(cid:82)(cid:76)(cid:81)(cid:72)(cid:71)(cid:3)(cid:53)(cid:82)(cid:88)(cid:74)(cid:75)(cid:3)(cid:50)(cid:83)(cid:72)(cid:81)(cid:76)(cid:81)(cid:74)(cid:3)(cid:32)(cid:3)(cid:28)(cid:28)(cid:3)(cid:20)(cid:18)(cid:23)(cid:5)(cid:3)(cid:91)(cid:3)(cid:21)(cid:23)(cid:3)(cid:24)(cid:18)(cid:27)(cid:5)","","",""
"","","(cid:50)(cid:89)(cid:72)(cid:85)(cid:68)(cid:79)(cid:79)(cid:3)(cid:45)(cid:82)(cid:76)(cid:81)(cid:72)(cid:71)(cid:3)(cid:56)(cid:81)(cid:76)(cid:87)(cid:3)(cid:32)(cid:3)(cid:28)(cid:27)(cid:3)(cid:22)(cid:18)(cid:23)(cid:5)(cid:3)(cid:91)(cid:3)(cid:21)(cid:23)(cid:3)(cid:20)(cid:18)(cid:27)(cid:5)","","",""
"","","(cid:44)(cid:81)(cid:86)(cid:87)(cid:68)(cid:79)(cid:79)(cid:68)(cid:87)(cid:76)(cid:82)(cid:81)(cid:3)(cid:61)(cid:76)(cid:83)(cid:3)(cid:38)(cid:82)(cid:71)(cid:72)(cid:3)(cid:32)(cid:3)(cid:24)(cid:24)(cid:19)(cid:27)(cid:21)","","",""
"","","(cid:56)(cid:17)(cid:54)(cid:17)(cid:3)(cid:40)(cid:49)(cid:40)(cid:53)(cid:42)(cid:60)(cid:3)(cid:54)(cid:55)(cid:36)(cid:53)(cid:138)(cid:3)(cid:38)(cid:79)(cid:76)(cid:80)(cid:68)(cid:87)(cid:72)(cid:3)(cid:61)(cid:82)(cid:81)(cid:72)(cid:3)(cid:32)(cid:3)(cid:49)(cid:82)(cid:85)(cid:87)(cid:75)(cid:72)(cid:85)(cid:81)","","",""
"","","(cid:54)(cid:72)(cid:68)(cid:85)(cid:70)(cid:75)(cid:3)(cid:69)(cid:92)(cid:3)(cid:56)(cid:81)(cid:76)(cid:87)(cid:3)(cid:38)(cid:82)(cid:71)(cid:72)(cid:3)(cid:32)(cid:3)(cid:49)(cid:82)","","",""
"","","(cid:54)(cid:87)(cid:68)(cid:81)(cid:71)(cid:68)(cid:85)(cid:71)(cid:3)(cid:58)(cid:76)(cid:71)(cid:87)(cid:75)(cid:3)(cid:32)(cid:3)(cid:53)(cid:50)(cid:29)(cid:3)(cid:21)(cid:23)(cid:3)(cid:24)(cid:18)(cid:27)(cid:5)(cid:3)(cid:95)(cid:3)(cid:56)(cid:49)(cid:44)(cid:55)(cid:29)(cid:3)(cid:21)(cid:23)(cid:3)(cid:20)(cid:18)(cid:27)(cid:5)","","",""
"","","(cid:54)(cid:87)(cid:68)(cid:81)(cid:71)(cid:68)(cid:85)(cid:71)(cid:3)(cid:43)(cid:72)(cid:76)(cid:74)(cid:75)(cid:87)(cid:3)(cid:32)(cid:3)(cid:53)(cid:50)(cid:29)(cid:3)(cid:21)(cid:23)(cid:3)(cid:24)(cid:18)(cid:27)(cid:5)(cid:3)(cid:95)(cid:3)(cid:56)(cid:49)(cid:44)(cid:55)(cid:29)(cid:3)(cid:21)(cid:23)(cid:3)(cid:20)(cid:18)(cid:27)(cid:5)","","",""
"","","(cid:41)(cid:85)(cid:68)(cid:80)(cid:72)(cid:3)(cid:58)(cid:76)(cid:71)(cid:87)(cid:75)(cid:3)(cid:32)(cid:3)(cid:21)(cid:23)(cid:3)(cid:20)(cid:18)(cid:27)","","",""
"","","(cid:41)(cid:85)(cid:68)(cid:80)(cid:72)(cid:3)(cid:43)(cid:72)(cid:76)(cid:74)(cid:75)(cid:87)(cid:3)(cid:32)(cid:3)(cid:21)(cid:23)(cid:3)(cid:20)(cid:18)(cid:27)","","",""
"","","(cid:56)(cid:81)(cid:76)(cid:87)(cid:3)(cid:38)(cid:82)(cid:71)(cid:72)(cid:3)(cid:32)(cid:3)(cid:36)(cid:21)(cid:20)","","",""
"","","(cid:41)(cid:85)(cid:68)(cid:80)(cid:72)(cid:3)(cid:50)(cid:83)(cid:87)(cid:76)(cid:82)(cid:81)(cid:3)(cid:32)(cid:3)(cid:44)(cid:81)(cid:86)(cid:87)(cid:68)(cid:79)(cid:79)(cid:68)(cid:87)(cid:76)(cid:82)(cid:81)(cid:3)(cid:41)(cid:79)(cid:68)(cid:81)(cid:74)(cid:72)","","",""
"","","(cid:38)(cid:82)(cid:80)(cid:69)(cid:76)(cid:81)(cid:68)(cid:87)(cid:76)(cid:82)(cid:81)(cid:3)(cid:50)(cid:83)(cid:72)(cid:85)(cid:68)(cid:87)(cid:76)(cid:82)(cid:81)(cid:3)(cid:18)(cid:3)(cid:57)(cid:72)(cid:81)(cid:87)(cid:76)(cid:81)(cid:74)(cid:3)(cid:32)(cid:3)(cid:57)(cid:72)(cid:81)(cid:87)(cid:11)(cid:36)(cid:79)(cid:79)(cid:12)","","",""
"","","(cid:57)(cid:72)(cid:81)(cid:87)(cid:76)(cid:81)(cid:74)(cid:3)(cid:18)(cid:3)(cid:43)(cid:68)(cid:81)(cid:71)(cid:76)(cid:81)(cid:74)(cid:3)(cid:32)(cid:3)(cid:57)(cid:72)(cid:81)(cid:87)","","",""
"","","(cid:40)(cid:79)(cid:72)(cid:70)(cid:87)(cid:85)(cid:76)(cid:70)(cid:3)(cid:50)(cid:83)(cid:72)(cid:85)(cid:68)(cid:87)(cid:82)(cid:85)(cid:3)(cid:51)(cid:85)(cid:72)(cid:83)(cid:3)(cid:32)(cid:3)(cid:49)(cid:82)","","",""
"","","(cid:40)(cid:91)(cid:87)(cid:72)(cid:85)(cid:76)(cid:82)(cid:85)(cid:3)(cid:38)(cid:82)(cid:79)(cid:82)(cid:85)(cid:3)(cid:32)(cid:3)(cid:54)(cid:68)(cid:81)(cid:71)(cid:87)(cid:82)(cid:81)(cid:72)","","",""
"","","(cid:44)(cid:81)(cid:87)(cid:72)(cid:85)(cid:76)(cid:82)(cid:85)(cid:3)(cid:54)(cid:83)(cid:72)(cid:70)(cid:76)(cid:72)(cid:86)(cid:3)(cid:32)(cid:3)(cid:51)(cid:76)(cid:81)(cid:72)","","",""
"","","(cid:44)(cid:81)(cid:87)(cid:72)(cid:85)(cid:76)(cid:82)(cid:85)(cid:3)(cid:41)(cid:76)(cid:81)(cid:76)(cid:86)(cid:75)(cid:3)(cid:38)(cid:82)(cid:79)(cid:82)(cid:85)(cid:3)(cid:32)(cid:3)(cid:56)(cid:81)(cid:73)(cid:76)(cid:81)(cid:76)(cid:86)(cid:75)(cid:72)(cid:71)","","",""
"","","(cid:42)(cid:79)(cid:68)(cid:86)(cid:86)(cid:3)(cid:38)(cid:82)(cid:81)(cid:86)(cid:87)(cid:85)(cid:88)(cid:70)(cid:87)(cid:76)(cid:82)(cid:81)(cid:3)(cid:55)(cid:92)(cid:83)(cid:72)(cid:3)(cid:32)(cid:3)(cid:39)(cid:88)(cid:68)(cid:79)(cid:3)(cid:51)(cid:68)(cid:81)(cid:72)","","",""
"","","(cid:42)(cid:79)(cid:68)(cid:86)(cid:86)(cid:3)(cid:50)(cid:83)(cid:87)(cid:76)(cid:82)(cid:81)(cid:3)(cid:32)(cid:3)(cid:47)(cid:82)(cid:90)(cid:16)(cid:40)(cid:23)","","",""
"","","(cid:43)(cid:76)(cid:74)(cid:75)(cid:3)(cid:36)(cid:79)(cid:87)(cid:76)(cid:87)(cid:88)(cid:71)(cid:72)(cid:3)(cid:37)(cid:85)(cid:72)(cid:68)(cid:87)(cid:75)(cid:72)(cid:85)(cid:3)(cid:55)(cid:88)(cid:69)(cid:72)(cid:86)(cid:3)(cid:32)(cid:3)(cid:49)(cid:82)","","",""
"","","(cid:42)(cid:79)(cid:68)(cid:86)(cid:86)(cid:3)(cid:54)(cid:87)(cid:85)(cid:72)(cid:81)(cid:74)(cid:87)(cid:75)(cid:3)(cid:32)(cid:3)(cid:54)(cid:87)(cid:68)(cid:81)(cid:71)(cid:68)(cid:85)(cid:71)","","",""
"","","(cid:42)(cid:79)(cid:68)(cid:86)(cid:86)(cid:3)(cid:55)(cid:76)(cid:81)(cid:87)(cid:3)(cid:32)(cid:3)(cid:49)(cid:82)(cid:3)(cid:55)(cid:76)(cid:81)(cid:87)","","",""
"","","(cid:54)(cid:83)(cid:72)(cid:70)(cid:76)(cid:68)(cid:79)(cid:87)(cid:92)(cid:3)(cid:42)(cid:79)(cid:68)(cid:86)(cid:86)(cid:3)(cid:32)(cid:3)(cid:49)(cid:82)(cid:81)(cid:72)","","",""
"","","(cid:42)(cid:68)(cid:86)(cid:3)(cid:41)(cid:76)(cid:79)(cid:79)(cid:3)(cid:32)(cid:3)(cid:36)(cid:85)(cid:74)(cid:82)(cid:81)","","",""
"","","(cid:36)(cid:85)(cid:87)(cid:3)(cid:42)(cid:79)(cid:68)(cid:86)(cid:86)(cid:3)(cid:54)(cid:72)(cid:85)(cid:76)(cid:72)(cid:86)(cid:3)(cid:32)(cid:3)(cid:49)(cid:82)(cid:81)(cid:72)","","",""
"","","(cid:49)(cid:82)(cid:81)(cid:72)","","",""
"","","(cid:39)(cid:51)(cid:18)(cid:51)(cid:42)(cid:3)(cid:56)(cid:83)(cid:74)(cid:85)(cid:68)(cid:71)(cid:72)(cid:3)(cid:32)(cid:3)(cid:60)(cid:72)(cid:86)","","",""
"","","(cid:43)(cid:68)(cid:85)(cid:71)(cid:90)(cid:68)(cid:85)(cid:72)(cid:3)(cid:54)(cid:87)(cid:92)(cid:79)(cid:72)(cid:3)(cid:32)(cid:3)(cid:38)(cid:79)(cid:68)(cid:86)(cid:86)(cid:76)(cid:70)(cid:3)(cid:54)(cid:72)(cid:85)(cid:76)(cid:72)(cid:86)","","",""
"","","(cid:43)(cid:68)(cid:85)(cid:71)(cid:90)(cid:68)(cid:85)(cid:72)(cid:3)(cid:38)(cid:82)(cid:79)(cid:82)(cid:85)(cid:18)(cid:41)(cid:76)(cid:81)(cid:76)(cid:86)(cid:75)(cid:3)(cid:32)(cid:3)(cid:58)(cid:75)(cid:76)(cid:87)(cid:72)","","",""
"","","(cid:38)(cid:82)(cid:85)(cid:85)(cid:82)(cid:86)(cid:76)(cid:82)(cid:81)(cid:3)(cid:53)(cid:72)(cid:86)(cid:76)(cid:86)(cid:87)(cid:68)(cid:81)(cid:87)(cid:3)(cid:43)(cid:68)(cid:85)(cid:71)(cid:90)(cid:68)(cid:85)(cid:72)(cid:3)(cid:32)(cid:3)(cid:49)(cid:82)(cid:81)(cid:72)","","",""
"","","(cid:54)(cid:72)(cid:70)(cid:88)(cid:85)(cid:76)(cid:87)(cid:92)(cid:3)(cid:54)(cid:72)(cid:81)(cid:86)(cid:82)(cid:85)(cid:3)(cid:55)(cid:92)(cid:83)(cid:72)(cid:3)(cid:32) (cid:49)(cid:82)(cid:81)(cid:72)","","",""
"","","(cid:44)(cid:81)(cid:86)(cid:72)(cid:70)(cid:87)(cid:3)(cid:54)(cid:70)(cid:85)(cid:72)(cid:72)(cid:81)(cid:3)(cid:55)(cid:92)(cid:83)(cid:72)(cid:3)(cid:32)(cid:3)(cid:49)(cid:82)(cid:81)(cid:72)","","",""
"","","(cid:40)(cid:91)(cid:87)(cid:72)(cid:85)(cid:76)(cid:82)(cid:85)(cid:3)(cid:55)(cid:85)(cid:76)(cid:80)(cid:3)(cid:54)(cid:87)(cid:92)(cid:79)(cid:72)(cid:3)(cid:32)(cid:3)(cid:22)(cid:3)(cid:20)(cid:18)(cid:21)(cid:5)(cid:3)(cid:41)(cid:79)(cid:68)(cid:87)","","",""
"","","(cid:40)(cid:91)(cid:87)(cid:72)(cid:85)(cid:76)(cid:82)(cid:85)(cid:3)(cid:55)(cid:85)(cid:76)(cid:80)(cid:3)(cid:55)(cid:92)(cid:83)(cid:72)(cid:3)(cid:32)(cid:3)(cid:54)(cid:76)(cid:79)(cid:79)(cid:3)(cid:49)(cid:82)(cid:86)(cid:72)","","",""
"","","(cid:40)(cid:91)(cid:87)(cid:72)(cid:85)(cid:76)(cid:82)(cid:85)(cid:3)(cid:55)(cid:85)(cid:76)(cid:80)(cid:3)(cid:38)(cid:82)(cid:79)(cid:82)(cid:85)(cid:3)(cid:32)(cid:3)(cid:58)(cid:75)(cid:76)(cid:87)(cid:72)","","",""
"","","(cid:40)(cid:91)(cid:87)(cid:72)(cid:85)(cid:76)(cid:82)(cid:85)(cid:3)(cid:55)(cid:85)(cid:76)(cid:80)(cid:3)(cid:54)(cid:76)(cid:79)(cid:79)(cid:3)(cid:54)(cid:76)(cid:93)(cid:72)(cid:3)(cid:32)(cid:3)(cid:20)(cid:3)(cid:22)(cid:18)(cid:23)(cid:5)","","",""
"","","(cid:40)(cid:91)(cid:87)(cid:72)(cid:85)(cid:76)(cid:82)(cid:85)(cid:3)(cid:55)(cid:85)(cid:76)(cid:80)(cid:3)(cid:36)(cid:83)(cid:83)(cid:79)(cid:76)(cid:70)(cid:68)(cid:87)(cid:76)(cid:82)(cid:81)(cid:3)(cid:48)(cid:72)(cid:87)(cid:75)(cid:82)(cid:71)(cid:3)(cid:32)(cid:3)(cid:51)(cid:85)(cid:72)(cid:16)(cid:70)(cid:88)(cid:87)(cid:3)(cid:55)(cid:85)(cid:76)(cid:80)(cid:3)(cid:46)(cid:76)(cid:87)","","",""
"","","(cid:40)(cid:91)(cid:87)(cid:72)(cid:81)(cid:86)(cid:76)(cid:82)(cid:81)(cid:3)(cid:45)(cid:68)(cid:80)(cid:69)(cid:3)(cid:55)(cid:92)(cid:83)(cid:72)(cid:3)(cid:32)(cid:3)(cid:49)(cid:82)(cid:81)(cid:72)","","",""
"","","(cid:44)(cid:81)(cid:86)(cid:87)(cid:68)(cid:79)(cid:79)(cid:68)(cid:87)(cid:76)(cid:82)(cid:81)(cid:3)(cid:48)(cid:68)(cid:87)(cid:72)(cid:85)(cid:76)(cid:68)(cid:79)(cid:3)(cid:50)(cid:83)(cid:87)(cid:76)(cid:82)(cid:81)(cid:86)(cid:3)(cid:32)(cid:3)(cid:49)(cid:82)","","",""
"","","(cid:53)(cid:72)(cid:16)(cid:50)(cid:85)(cid:71)(cid:72)(cid:85)(cid:3)(cid:44)(cid:87)(cid:72)(cid:80)(cid:3)(cid:32)(cid:3)(cid:49)(cid:82)","","",""
"","","(cid:53)(cid:82)(cid:82)(cid:80)(cid:3)(cid:47)(cid:82)(cid:70)(cid:68)(cid:87)(cid:76)(cid:82)(cid:81)(cid:3)(cid:32)(cid:3)(cid:49)(cid:82)(cid:81)(cid:72)","","",""
"","","(cid:56)(cid:81)(cid:76)(cid:87)(cid:3)(cid:56)(cid:16)(cid:41)(cid:68)(cid:70)(cid:87)(cid:82)(cid:85)(cid:3)(cid:32)(cid:3)(cid:19)(cid:17)(cid:21)(cid:27)","","",""
"","","(cid:56)(cid:81)(cid:76)(cid:87)(cid:3)(cid:54)(cid:82)(cid:79)(cid:68)(cid:85)(cid:3)(cid:43)(cid:72)(cid:68)(cid:87)(cid:3)(cid:42)(cid:68)(cid:76)(cid:81)(cid:3)(cid:38)(cid:82)(cid:72)(cid:73)(cid:73)(cid:76)(cid:70)(cid:76)(cid:72)(cid:81)(cid:87)(cid:3)(cid:11)(cid:54)(cid:43)(cid:42)(cid:38)(cid:12)(cid:3)(cid:32)(cid:3)(cid:19)(cid:17)(cid:22)(cid:20)","","",""
"","","(cid:56)(cid:17)(cid:54)(cid:17)(cid:3)(cid:40)(cid:49)(cid:40)(cid:53)(cid:42)(cid:60)(cid:3)(cid:54)(cid:55)(cid:36)(cid:53)(cid:3)(cid:38)(cid:72)(cid:85)(cid:87)(cid:76)(cid:73)(cid:76)(cid:72)(cid:71)(cid:3)(cid:32)(cid:3)(cid:49)(cid:82)","","",""
"","","(cid:43)(cid:68)(cid:85)(cid:71)(cid:90)(cid:68)(cid:85)(cid:72)(cid:3)(cid:51)(cid:68)(cid:85)(cid:87)(cid:3)(cid:49)(cid:88)(cid:80)(cid:69)(cid:72)(cid:85)(cid:3)(cid:32)(cid:3)(cid:20)(cid:24)(cid:21)(cid:20)(cid:19)(cid:21)(cid:25)","","",""
"","","(cid:57)(cid:72)(cid:85)(cid:87)(cid:76)(cid:70)(cid:68)(cid:79)","","",""
"","","(cid:41)(cid:68)(cid:70)(cid:87)(cid:82)(cid:85)(cid:92)","","",""
"","","(cid:19)(cid:17)(cid:26)(cid:24)(cid:5)(cid:3)(cid:87)(cid:75)(cid:76)(cid:70)(cid:78)(cid:15)(cid:3)(cid:21)(cid:23)(cid:17)(cid:20)(cid:21)(cid:24)(cid:5)(cid:3)(cid:79)(cid:72)(cid:81)(cid:74)(cid:87)(cid:75)","","",""
"","","(cid:54)(cid:46)(cid:56)(cid:3)(cid:32)(cid:3)(cid:21)(cid:27)(cid:28)(cid:20)(cid:27)(cid:24)","","",""
"","","(cid:57)(cid:72)(cid:81)(cid:71)(cid:82)(cid:85)(cid:3)(cid:49)(cid:68)(cid:80)(cid:72)(cid:3)(cid:32)(cid:3)(cid:54)(cid:18)(cid:50)(cid:3)(cid:36)(cid:49)(cid:39)(cid:40)(cid:53)(cid:54)(cid:40)(cid:49)(cid:3)(cid:47)(cid:50)(cid:42)(cid:44)(cid:54)(cid:55)(cid:44)(cid:38)(cid:54)","","",""
"","","(cid:57)(cid:72)(cid:81)(cid:71)(cid:82)(cid:85)(cid:3)(cid:49)(cid:88)(cid:80)(cid:69)(cid:72)(cid:85)(cid:3)(cid:32)(cid:3)(cid:25)(cid:19)(cid:24)(cid:19)(cid:28)(cid:19)(cid:22)(cid:19)","","",""
"","","(cid:38)(cid:88)(cid:86)(cid:87)(cid:82)(cid:80)(cid:72)(cid:85)(cid:3)(cid:54)(cid:72)(cid:85)(cid:89)(cid:76)(cid:70)(cid:72)(cid:3)(cid:32)(cid:3)(cid:11)(cid:27)(cid:27)(cid:27)(cid:12)(cid:3)(cid:27)(cid:27)(cid:27)(cid:16)(cid:26)(cid:19)(cid:21)(cid:19)","","",""
"","","(cid:38)(cid:68)(cid:87)(cid:68)(cid:79)(cid:82)(cid:74)(cid:3)(cid:57)(cid:72)(cid:85)(cid:86)(cid:76)(cid:82)(cid:81)(cid:3)(cid:39)(cid:68)(cid:87)(cid:72)(cid:3)(cid:32)(cid:3)(cid:19)(cid:22)(cid:18)(cid:21)(cid:25)(cid:18)(cid:21)(cid:19)(cid:20)(cid:28)","","",""
